"Timestamp","Name","LinkedIn Link","Choose What kind of job you are looking for..","Availability","Location or Where you live?","Your Skills.. Choose only 5","Upload Your Picture "
"2018/06/07 12:16:05 PM GMT+3","Nagham Ramadan","www.linkedin.com/in/nagham-ramadan ","Internship;Part Time;Full Time","Available now","Saida","REACT;HTML;CSS;BOOTRAP;NODE;EXPRESS;LINUX;SQL","https://drive.google.com/open?authuser=0&usp=forms_web&id=1IBNuk-fCB-CYY3ciT3v235rHKudf7pRb"
"2018/06/07 12:16:51 PM GMT+3","Ahmad Khoja","www.linkedin.com/in/ahmad-khojah","Internship;Part Time;Full Time","Available now","Beirut","REACT;NODE;LINUX;SQL;LARAVEL","https://drive.google.com/open?authuser=0&usp=forms_web&id=1weMTGQ69rLR2wIFkc2g7ca4jY9GJ92zT"
"2018/06/07 12:17:39 PM GMT+3","Ali Al-Ossaily","https://www.linkedin.com/in/ali-ossaily-b82764161/","Part Time;Full Time","Available now","Sarafand","REACT;BOOTRAP;NODE;SQL;WORDPRESS","https://drive.google.com/open?authuser=0&usp=forms_web&id=1Fv_3bZYyo-oYuv9G-iBLrt97gp_ynb8N"
"2018/06/07 12:53:24 PM GMT+3","salehsaadi.91@gmail.com","www.linkedin.com/in/saleh-saadi","Full Time","in less than one month","Beirut","REACT;CSS;EXPRESS;MONGO DB;WORDPRESS","https://drive.google.com/open?authuser=0&usp=forms_web&id=1JvagkpmjCUTDfRFaex2vZa1Mwu2CuQsI"
"2018/06/10 2:13:54 PM GMT+3","Mitza Haddad","https://www.linkedin.com/in/mitza-haddad/","Part Time;Full Time","Available now","Beirut, Dekwaneh","REACT;CSS;VIDEO EDITOR;BOOTRAP;MATERIAL UI","https://drive.google.com/open?authuser=0&usp=forms_web&id=1zbU5jGZhW5w9M63RqE6sPuWcl8GPT8-a"
"2018/06/11 1:00:08 PM GMT+3","Bayan Mawed","https://www.linkedin.com/in/bayan-mawed-228b30164/","Internship;Part Time","Available now","Saida","REACT;CSS;NODE;EXPRESS;MONGO DB","https://drive.google.com/open?authuser=0&usp=forms_web&id=1RQ4-4BxdkNIKQ_bXYmvSZJBq-E8X-L_d"
"2018/06/11 1:01:05 PM GMT+3","Souad Ali","https://www.linkedin.com/in/souad-ali/","Internship;Part Time;Full Time","in less than one month","Siblin","REACT;HTML;CSS;NODE;SQL","https://drive.google.com/open?authuser=0&usp=forms_web&id=1OZVBmAUpsCHIwe2uQhrup5768IfBHxi2"
"2018/06/11 1:09:23 PM GMT+3","Amr Gharzaddeen","https://www.linkedin.com/in/amr-gharzaddeen/","Internship","Available now","Beirut/Ashrafieh","REACT;EXPRESS;LINUX;WORDPRESS","https://drive.google.com/open?authuser=0&usp=forms_web&id=1AwnzlprAKf6X7lV1Qe2lXYZwJ5ycfxYQ"
"2018/06/12 2:18:06 PM GMT+3","Anthony Nakhle","Www.linkedin.com/in/anthony-nakhle","Full Time","Available now","Fanar","REACT;HTML;CSS;BOOTRAP;WORDPRESS","https://drive.google.com/open?authuser=0&usp=forms_web&id=13V4Ig7OfGNfCh33l7viG4xqAl_2sZTiK"
"2018/06/12 2:19:48 PM GMT+3","Fadi mabsaleh","https://www.linkedin.com/in/fadi-mabsaleh","Part Time;Full Time","Available now","Beirut","REACT;HTML;CSS;VIDEO EDITOR;SEMANTIC UI;NODE;EXPRESS;LINUX;SQL;MONGO DB;WORDPRESS;Meteor, photo editing, socket.io","https://drive.google.com/open?authuser=0&usp=forms_web&id=1USdHOInYIgfdDI9Ra6O0KuRYf-k0WpQu"
"2018/06/12 2:49:44 PM GMT+3","Adam Atein","https://www.linkedin.com/in/adam-atein/","Internship;Part Time;Full Time","Available now","Beirut, Sin El Fil","REACT;MATERIAL UI;EXPRESS;WORDPRESS;WebRTC","https://drive.google.com/open?authuser=0&usp=forms_web&id=1zNdT5iLELzMVTc-c3iQKuClUFxzSVJYi"
"2018/06/12 2:51:52 PM GMT+3","hampig mazakina","https://www.linkedin.com/in/hampig-mazakian-4722a2166/","Internship;Part Time;Full Time","Available now","antelias","REACT;HTML;CSS;BOOTRAP;MATERIAL UI;SEMANTIC UI;NODE;EXPRESS;LINUX;SQL;MONGO DB;FIREBASE;WORDPRESS","https://drive.google.com/open?authuser=0&usp=forms_web&id=13jein8yVdBNEUNzcMnX3Pq95dGP-Qbv2"
"2018/06/12 3:19:24 PM GMT+3","Anas Jamous","https://www.linkedin.com/in/anasjamous/","Full Time","Available now","Beirut / Kouresh Al Mazraa","REACT;CSS;NODE;LINUX;SQL","https://drive.google.com/open?authuser=0&usp=forms_web&id=1ACUwja8_B3n1EpBxd2w1rzAnu1qN8RSe"
"2018/06/13 12:25:17 AM GMT+3","Ibrahim Jakmour","https://www.linkedin.com/in/ibrahimjakmour/","Part Time","Available now","Jounieh/Ghadir","REACT;PHP;SQL;MONGO DB;WORDPRESS","https://drive.google.com/open?authuser=0&usp=forms_web&id=1lL91Bo1tqbDL96kB2OTXl4jhHQSgy6e2"
"2018/06/13 9:57:11 AM GMT+3","Paul Kananjian","https://www.linkedin.com/in/paul-kananjian-987399163/","Part Time","Available now","Roumieh","REACT;HTML;CSS;VIDEO EDITOR;LINUX","https://drive.google.com/open?authuser=0&usp=forms_web&id=1TsxEJp5mUdDR4kCKD3xE0UEvUNhW3E8U"